id,course,mode,tutorial,studio,major
6c6a005f-b7b2-4250-a025-a3d6d4d574f7,IN27,PT,TUT 6,STU 3,IN27MJR-STATDAT
b394172e-ba89-4d1d-9e69-e24fe10f8b3a,IN20,FT,TUT 2,STU 2,IN20MJR-DATASC
9d912798-7cf2-49dd-99c0-096b79f985d5,IN20,FT,TUT 5,STU 3,IN20MJR-SOFTDEV
377e91bf-7e57-47f6-b583-10a21e7ec73c,IN23,FT,TUT 3,STU 1, 
b3538492-3171-41e8-b130-bde084de87ce,IN27,FT,TUT 5,,IN27MJR-BIOMEDS
3dc62211-dcf6-43ee-a1a1-6d08d534e2d8,IN27,FT,TUT 6,STU 3,IN27MJR-COMPDAT
bc911c9b-2275-40b6-82cd-da5872063a22,IN26,PT,TUT 5,STU 3, 
89a575df-6625-4c54-9165-5d221ce198f6,IN27,FT,TUT 6,STU 2,IN27MJR-COMPDAT
57dc553d-35b8-491d-8e71-daf427bb183e,IN27,FT,TUT 3,STU 3,IN27MJR-COMPDAT
459aa163-29b1-44ce-af0a-97c1483821d6,IN27,PT,TUT 5,STU 2,IN27MJR-COMPDAT
28f23661-9e53-446a-a51b-a1a511dc8301,IN27,FT,TUT 3,STU 2,IN27MJR-STATDAT
034b4b94-4280-4e7f-9bdf-3280a154e7ba,IN20,FT,TUT 1,STU 3,IN20MJR-SOFTDEV
35ab0ab0-0c9f-41a6-951d-d2652282c089,IN27,FT,TUT 2,STU 2, 
675a5241-3c15-4edc-b9df-96aec0d070d4,IN26,FT,TUT 3,STU 1, 
2cd14663-8a19-4b31-9e9e-f554faa48ed6,IN26,PT,TUT 1,STU 2, 
d232965a-7241-4173-8013-6f49dedc970e,IN20,FT,TUT 3,STU 1,IN20MJR-DATASC
2c906cc5-ab74-420f-b5f8-a27fab3d732f,IN27,PT,TUT 5,STU 3,IN27MJR-STATDAT
7d4bddc6-b4c7-4a60-9584-29bb8edd66a4,IN27,PT,TUT 5,STU 3, 
b3408428-05e3-4b5e-b20b-97f33db8af3c,IN27,PT,TUT 6,STU 3, 
f5372c67-cf50-4b14-bbe2-3805a7183900,IN20,PT,TUT 5,STU 2,IN20MJR-DATASC
a81af1a6-3a12-4033-ad99-1d2ba274411e,IN27,FT,TUT 3,STU 3, 
bf19d073-5a8c-441b-af85-25481c299be2,IN26,PT,,STU 3, 
19bade54-a720-46c8-a10a-3dae1307cf6f,IN27,PT,,STU 3,
a4682b4f-bc50-407c-bf06-079e3e280d29,IN20,PT,TUT 3,STU 3,IN20MJR-SOFTDEV
83cc4bcf-7a6c-4c4e-a3fa-f3808084c11a,IN27,FT,TUT 2,STU 2, 
0f5a629e-b63b-4f58-93af-fd9bebf9fbab,IN27,FT,TUT 2,STU 2,IN27MJR-COMPDAT
94288765-1fa9-4c4c-b02e-4e0364b66177,IN20,FT,TUT 3,STU 1,IN20MJR-DATASC
2325664b-1f76-4771-b37b-9b89fede7e8a,IN20,FT,TUT 1,STU 3,IN20MJR-COMPSC
c3bcd512-bef8-4c66-9b8b-f693c18117a7,IN26,PT,TUT 5,STU 3, 
93466112-2e6b-42da-abf2-31e8e83798c6,IN20,FT,TUT 1,STU 3,IN20MJR-BUSANAL
e0f942cd-126f-41f1-bdd3-313fdaaba131,IN20,FT,TUT 3,STU 1,IN20MJR-DATASC
b31de6cb-c500-4ba5-9f62-95aa61ea01b5,IN27,FT,TUT 5,STU 3,IN27MJR-STATDAT
3bd9dfea-d21d-434a-b7e6-5aaeca79966d,IN27,PT,TUT 1,STU 1, 
f7ed19a7-2ae9-4d1d-b279-c9f353e0a5bb,IN27,FT,TUT 6,STU 3, 
06987639-e674-43ae-a03a-a2e3b77acec2,IN20,FT,TUT 5,STU 1,IN20MJR-DATASC
a4d3c200-c3e1-41f1-a5f4-f91a83ce78f6,IN20,PT,TUT 5,STU 1,IN20MJR-BUSANAL
7a30400a-a50c-43e6-94e6-5081b2ece063,IN20,FT,TUT 5,STU 3,IN20MJR-COMPSC
18ccee3c-a7d2-4f5b-9711-522fd3d1f3f4,IN27,FT,TUT 1,STU 1, 
90cda62d-22b7-491e-afc1-5be41614d16c,IN26,FT,TUT 6,STU 2, 
587422fd-2b0a-4f09-a7b2-c76fe6ca7740,IN27,PT,TUT 3,STU 1, 
62d71e46-95d8-45dd-9c1f-d74810400e3f,IN20,PT,TUT 3,STU 1,IN20MJR-DATASC
d0c7719c-1033-45ce-b234-1c417f38373c,IN27,FT,TUT 3,STU 2, 
34f9d573-1d30-4859-a0b9-958ef878be88,IN20,FT,TUT 2,STU 2,IN20MJR-DATASC
bb653273-3993-4225-bd31-4b9983db1cdb,IN20,FT,TUT 1,STU 1,IN20MJR-DATASC
fd6751d0-103d-4712-9a0b-70685b822387,IN20,PT,TUT 1,STU 3,IN20MJR-COMPSC
4b38bf59-5bc9-4e10-b5a3-995fc97df6f2,IN27,FT,TUT 2,STU 2,IN27MJR-STATDAT
2b607fd6-4ad8-4f87-8d1c-1b530330c7af,IN20,PT,TUT 3,STU 2,IN20MJR-DATASC
fc9a825f-4df9-43dd-8dad-0e3afd1ebed1,IN26,PT,TUT 6,STU 3, 
ededbfd8-b653-4603-9107-87a5e9c6444b,IN27,FT,TUT 1,STU 1,IN27MJR-COMPDAT
0e4b0994-124e-49ff-ac0a-5d19109f2759,IN27,FT,TUT 6,STU 3, 
3a267e1f-6848-40ba-9754-5112f6992039,IN27,PT,TUT 2,STU 2,IN27MJR-COMPDAT
e66adc81-0ae5-4ecd-854b-1f165556e8bc,IN27,PT,TUT 5,STU 3,IN27MJR-COMPDAT
bc15a020-9e1c-47ac-8828-09a71c5906e5,IN20,PT,TUT 6,STU 3,IN20MJR-DATASC
f95a2b0c-02fc-4542-89f8-1c14359b55e6,IN27,FT,TUT 2,STU 2,IN27MJR-COMPDAT
8e8e32d1-cefe-49d7-b974-280d24e67e4d,IN27,PT,TUT 6,STU 3,IN27MJR-BIOMEDS
179ba516-4de1-46c9-8fa2-fd9b774ee121,IN27,FT,TUT 5,STU 3,IN27MJR-STATDAT
1805efba-c521-4bd7-9a80-ced3b28a162a,IN20,PT,TUT 1,STU 2,IN20MJR-BUSANAL
3a75343c-9fe3-4664-b324-779234305a27,IN20,PT,TUT 1,STU 1,IN20MJR-DATASC
87d51083-ba01-4d8d-a9f4-3890e086a56d,IN27,FT,TUT 3,STU 1, 
aeaeba21-18cd-45f5-bfbd-83830c53b9cd,IN20,PT,TUT 2,STU 3,IN20MJR-DATASC
73f6a0e0-53a3-48c3-b5f6-8a61ab0c912c,IN20,FT,TUT 5,STU 3,IN20MJR-DATASC
b0014356-36e4-4905-bffb-a018465c9da7,IN20,FT,TUT 3,STU 1,IN20MJR-COMPSC
316b78fd-052b-45a4-a550-66cb04d71079,IN26,FT,TUT 1,STU 1, 
c95f07f9-aab5-431c-8375-800717c5f36a,IN23,FT,TUT 3,STU 1, 
7474fb02-a8b2-4596-8a11-02f2d8cc8a09,IN27,FT,TUT 2,STU 2, 
91399528-4f12-4bb6-ad45-b53619e186a1,IN27,FT,TUT 5,STU 3,IN27MJR-STATDAT
bfb95834-325a-4e11-92b1-ba5473e32548,IN20,FT,TUT 3,STU 1,IN20MJR-DATASC
2c879c8b-87ca-43bd-93b9-2cd395a8f7dc,IN20,PT,TUT 3,STU 1,IN20MJR-DATASC
1ae3273e-50ce-413e-bf09-b3a17415d470,IN27,FT,TUT 1,STU 1,IN27MJR-COMPDAT
f4f2c074-b220-4c0e-be19-c3b6490109cc,IN20,FT,TUT 1,STU 3,IN20MJR-DATASC
372d0238-5e4d-42c9-9f1c-f2c7ab1cfed6,IN27,PT,TUT 6,STU 3,IN27MJR-STATDAT
bbb53caa-f5d4-430f-acc2-3955fe8efc8a,IN27,FT,TUT 5,STU 2, 
d4a135b8-9688-4f9d-bb77-caa3bfe84825,IN27,FT,TUT 3,STU 2, 
be55c544-a7e8-41c1-ba47-804c284a566c,IN27,FT,TUT 6,STU 2, 
53ce4261-3e17-4d72-a772-e3b7e28fb479,IN27,PT,TUT 3,STU 3, 
4d91eb64-78e7-4127-848a-f6adef29dfeb,IN23,FP,TUT 6,STU 3, 
072b7f40-fd85-4a5a-b583-85ca58ccdc9d,IN27,FT,TUT 6,STU 2,IN27MJR-STATDAT
01f89508-65a9-4586-93bd-61ef8ea6fe3d,IN27,FT,TUT 3,STU 1,IN27MJR-COMPDAT
eb192f12-0ab6-4784-ad58-2f5abd99177c,IN27,FT,TUT 6,STU 3, 
3b82799e-0097-4225-9e15-5dcfc1a7444e,IN20,FT,TUT 1,STU 2,IN20MJR-DATASC
c232e1f8-9eee-49f6-8f21-796ddd4f7a6f,IN20,FT,TUT 3,STU 2,IN20MJR-DATASC
501a29b1-ebdd-455f-b83b-8910269fc996,IN20,FT,TUT 2,STU 2,IN20MJR-DATASC
6426cb8d-cf9e-414c-921b-eaeb7adc77dc,,FT,TUT 2,STU 2, 
d053923b-83b6-4135-8b3a-026d56c3bac8,IN26,PT,TUT 5,STU 3, 
26ae5734-24fc-4cdf-a912-28402eac73d0,IN27,FP,TUT 5,STU 2, 
d01d3c20-328d-4e5e-9ea3-9c9ea6e7de3b,IN20,FP,TUT 5,STU 3,IN20MJR-COMPSC
cc628cb9-d130-48b8-8681-0dbee8afce31,IN27,PT,TUT 6,STU 3, 
7176c0e9-329b-477d-9868-635b315fa84e,IN27,FT,TUT 6,STU 3,IN27MJR-STATDAT
4552cacb-7093-4a2e-a274-2b837dad24c8,IN20,FT,TUT 5,STU 3,IN20MJR-COMPSC
42c05f33-1851-445c-beb9-f18883a45d16,IN20,FT,TUT 3,STU 1,IN20MJR-DATASC
1d3a4e44-1408-4e6d-8880-17221cacada8,IN27,FT,TUT 3,STU 1, 
d5db6716-91e7-4b68-9cba-a9787fc4adf0,IN27,PT,TUT 5,STU 3,IN27MJR-BIOMEDS
0b987a7a-99b1-4cb2-8fa4-7e1a5b49f0f2,IN20,FT,TUT 6,STU 3,IN20MJR-BUSANAL
65b61cf3-0305-4125-9f62-a8ea5cb747ab,IN20,FT,TUT 5,STU 1,IN20MJR-COMPSC
84df08f3-3a0e-43f6-ad05-d23c2bde8fe4,IN20,FT,TUT 5,STU 1,IN20MJR-COMPSC
bf5ad0c4-dd8a-4525-9d90-010a91f1544f,IN27,FT,TUT 1,STU 1, 
e9a6e5a9-ff80-43ee-a669-d89ee6e452db,IN27,FP,TUT 3,STU 1, 
78c12a2e-317a-43bb-bac2-adae3e43a331,IN23,FT,TUT 2,STU 2, 
c26dfadd-c8af-4c6e-9041-1ddc7b9bdff9,IN27,FT,TUT 5,STU 3, 
875c8c3a-7136-4e8d-b13f-f97dae9efeb4,IN27,FT,TUT 6,STU 1, 
6147dcf0-819c-4350-bb79-f5cb859b5084,IN26,PT,TUT 2,STU 3, 
e222f1ae-7929-4198-8dd4-ede2c5b64567,IN27,PT,TUT 3,STU 1,IN27MJR-STATDAT
c0ae9924-0b63-4ce7-a1dd-7442d1b66962,IN20,PT,TUT 6,STU 3,IN20MJR-DATASC
db016aac-34c0-42c1-b536-116047362f60,IN27,PT,TUT 6,STU 2,IN27MJR-COMPDAT
9fcb4470-6186-478a-acf2-aa9b59e5931e,IN26,PT,TUT 6,STU 3, 
ae5e9047-d597-4d3b-a54f-b8a65ceb90c5,IN20,PT,TUT 5,STU 3,IN20MJR-DATASC
bebcd0d6-b13f-4670-a85a-948d45bd00b9,IN27,FT,,,IN27MJR-COMPDAT
83278f85-102e-42de-8ca7-e7ef8d2801f5,IN27,FT,TUT 2,STU 3,IN27MJR-COMPDAT
b5f390b9-9986-45e2-92ea-1a9e7cd1f898,IN26,PT,TUT 3,STU 1, 
6fbab88b-95c5-4111-84cf-e1ffc3193e14,IN27,FT,TUT 6,STU 3,IN27MJR-COMPDAT
9c2d9059-4077-4f75-afda-990bb4ebd51b,IN27,FT,TUT 6,STU 2, 
cd57db26-c107-465a-a72f-9337b2ea3387,IN27,FT,TUT 2,STU 3, 
97a92807-d428-4b1a-8454-2ef9f26f45f7,IN27,FT,TUT 5,STU 3,IN27MJR-BIOMEDS
a6a02813-e003-4541-9793-f89054d46d6f,IN20,FT,TUT 1,STU 1,IN20MJR-BUSANAL
4aba937d-ddb1-4c7c-af93-3f256df52480,IN27,PT,TUT 5,STU 3, 
2efc3757-f256-4bb0-b996-68ba8cfe23f6,IN27,FT,TUT 2,STU 2, 
bdcb0d37-fd4b-4a0f-b118-ca836dbc116b,IN27,FP,TUT 1,STU 1, 
60020c24-804c-494b-94a4-88dfc4c91e13,IN20,FT,TUT 5,STU 1,IN20MJR-DATASC
e3dc34f5-530a-4f42-a55a-38e1194ba6ef,IN27,PT,TUT 5,STU 3, 
1e47ee7e-33a9-4a54-ba86-2299fb59402a,IN27,PT,TUT 2,STU 3, 
d25949fa-9fee-46ac-8ea9-84989dc09326,IN27,FT,TUT 2,STU 3, 
490b3b5e-8fe7-4f75-bf89-5865505c8888,IN27,PT,,,IN27MJR-STATDAT
0c6f586b-8c40-4336-8413-39378f1fc8a7,IN20,FT,TUT 5,STU 3,IN20MJR-COMPSC
960fc7d8-4a2a-4684-8c70-8c1e56f66067,IN27,FT,TUT 2,STU 2, 
481c52bb-8c42-4a09-b71d-803537340c6d,IN27,FT,TUT 1,STU 3, 
45d91d7e-6ca9-4011-b10d-69c371a43ca4,IN20,FT,TUT 2,STU 2,IN20MJR-BUSANAL
52557fa2-3c3a-4832-9c58-44a9e8e84aaa,IN27,FT,TUT 3,STU 2,IN27MJR-STATDAT
e97b7ed0-ee76-4aeb-a2e0-e9e459a4611e,IN27,FT,TUT 1,STU 3,IN27MJR-STATDAT
12c44f13-507f-4c61-b875-375dc93f7a44,IN27,FT,TUT 2,STU 2, 
d2617974-95cc-4ac1-8abd-780365031a73,IN27,FT,TUT 2,STU 2,IN27MJR-STATDAT
30c4d336-5389-4dd0-b6de-d16f078e717c,IN27,FP,TUT 5,STU 3,IN27MJR-STATDAT
430d3de5-e1a5-494e-8308-f8074da1555d,IN20,FT,TUT 5,STU 3,IN20MJR-SECUR
c889da55-6b41-4866-8bc2-875b8bacf824,IN20,PT,TUT 1,STU 1,IN20MJR-BUSANAL
023c1302-e899-4dba-91da-cbcf42dd125b,IN27,FT,TUT 6,STU 1,IN27MJR-STATDAT
ca8ae12f-4856-4aba-a78a-c6c7f4fd774e,IN27,FT,TUT 6,STU 3,IN27MJR-BIOMEDS
9db07057-a0a9-4527-8963-09d74d994f07,IN27,FT,TUT 6,STU 3, 
08cd7624-e164-4925-bc68-65539b4f1ae2,IN27,FP,TUT 5,STU 3,IN27MJR-STATDAT
f188e518-5d94-49fb-b82e-4138904cb0ce,IN27,FT,TUT 5,STU 3,IN27MJR-COMPDAT
e04eb631-3b6c-4127-91b2-be13437eee14,IN27,PT,TUT 5,STU 3, 
d67f7cbc-a8a3-4e79-b566-e2103b3dbc6c,IN27,FT,TUT 2,STU 1,IN27MJR-STATDAT
a6044ec0-3a84-4085-a4df-46c9f726ceeb,,PT,TUT 1,STU 3,
5b135448-3c60-405c-9eaa-5ebf51206a6d,IN20,FT,TUT 6,STU 2,IN20MJR-SECUR
9e19ce31-91c4-417c-904a-814af5e53b33,IN27,FT,TUT 6,STU 3, 
62c57bd2-7e97-4267-ba7d-7dc3fcac2916,IN27,FT,TUT 2,STU 2, 
b19759cc-53f4-4863-b68d-000b0eb54d09,IN27,FT,TUT 5,STU 3, 
b81780c1-602a-42b6-aa61-379e8b2c90af,IN27,FT,TUT 1,STU 1,IN27MJR-COMPDAT
50e69e94-6f01-47ed-bb61-3ddda405bd59,IN27,FT,TUT 3,STU 1,IN27MJR-BIOMEDS
1448b3a5-8932-4246-a1eb-9ed43503cd2a,IN20,PT,TUT 5,STU 1,IN20MJR-BUSANAL
d7d24dda-46f0-4de6-9481-302c0708fbed,IN27,FT,TUT 3,STU 3,IN27MJR-COMPDAT
dded2770-72ac-4f25-ba07-5f3238deb793,IN27,FT,TUT 6,STU 1,IN27MJR-COMPDAT
f5370083-6f3e-40cb-9feb-381609cbb14f,IN20,FT,TUT 1,STU 3,IN20MJR-BUSANAL
1c77ec27-607f-4040-aa80-47171f9703c5,IN20,FT,TUT 5,STU 2,IN20MJR-DATASC
1e2aebbe-9dfe-42fc-805d-c0a38f9e2137,IN27,FT,TUT 2,STU 2, 
dceac52f-2a92-4d11-b00f-9a19915f7209,IN20,FT,TUT 1,STU 1,IN20MJR-DATASC
fce638bd-07c9-45b2-9929-0f94a2ff2f6e,IN20,FT,TUT 2,STU 2,IN20MJR-BUSPMGT
f665bb48-a470-4e1e-b777-f3d42d0f3c84,IN27,FT,TUT 1,STU 3,IN27MJR-COMPDAT
ec527530-f7b3-414e-9d23-31efd2d106fb,IN20,FT,TUT 5,,IN20MJR-SOFTDEV
6dd57a34-036e-4b65-a56b-62bc51d5884d,IN27,FT,TUT 1,STU 2, 
953b8a9b-4b35-414d-addc-9e89df5f8f3b,IN20,FT,TUT 6,STU 3,IN20MJR-DATASC
15883567-a599-4d0c-b079-e147e46a752b,IN27,PT,TUT 6,STU 3,IN27MJR-STATDAT
e63aa069-2432-4a10-8641-c7c79c67865f,IN27,FT,TUT 1,STU 1, 
5d4e539c-ed6e-4f49-bd61-13a1e35e7ae9,IN27,FT,TUT 1,STU 1,IN27MJR-STATDAT
70dae620-ea49-46cf-b5fb-86d9dda89e2c,IN27,FT,TUT 2,STU 3,IN27MJR-COMPDAT
40b1b929-3cef-4318-b945-956814985682,IN27,FT,TUT 3,STU 2, 
8ac5284c-dc47-466d-b017-61a2b52c3c25,IN27,FT,TUT 2,STU 2, 
85a2c5f1-32ea-40e9-8624-c279ccfe7540,IN27,FT,TUT 5,STU 1,IN27MJR-STATDAT
c28ec880-187c-4fac-a700-472a130af291,IN20,PT,TUT 2,STU 2,IN20MJR-BUSANAL
c4d42cb6-be45-4d2f-af6b-64b13d5a66e7,IN27,FT,TUT 3,STU 1,IN27MJR-COMPDAT
73fb8fa9-a0b4-498c-8ed4-b4422738ce5a,IN27,FT,TUT 6,STU 1,IN27MJR-COMPDAT
2bfa68be-7472-457a-bf3d-abc4ba7f2877,IN20,FT,TUT 2,STU 3,IN20MJR-COMPSC
bc020ca9-267e-4305-9010-7d6e84f00c7c,IN27,FT,TUT 1,STU 3,IN27MJR-STATDAT
8fd4c920-38f4-4e62-9cae-5f2073865dbf,IN27,FT,TUT 2,STU 1,IN27MJR-COMPDAT
d690326a-b3cf-4187-8199-46716161c65f,IN20,PT,TUT 6,STU 3,IN20MJR-SOFTDEV
62769090-cd94-4d09-8c1f-a607d06fd4a7,IN27,FT,TUT 2,STU 3, 
1cf7f58c-a94c-489a-8d00-2838a172ce86,,FT,TUT 3,STU 3,
196517ff-72ea-49a4-948d-0bf070daa221,IN27,PT,TUT 5,STU 3, 
14c57ca1-1aeb-46b3-a469-f924c81f91f1,IN20,FT,TUT 2,STU 2,IN20MJR-BUSANAL
5bf0a933-f4f1-4303-80c9-b8af3bb70ccf,IN20,FT,TUT 3,STU 1,IN20MJR-DATASC
64d3544e-ce8e-4f6a-8760-f08bf0147869,IN27,FP,TUT 1,STU 3, 
6c599743-cade-4e2c-a53e-687c78243e0b,IN20,PT,TUT 3,STU 1,IN20MJR-EXECIT
66367694-e275-42ad-806e-49e022c35744,IN26,PT,TUT 5,STU 3, 
cfdd28ff-497a-4781-b493-3d2b96e8cdda,IN20,FT,TUT 1,STU 2,IN20MJR-DATASC
64cbab4c-88f1-427d-91e7-8695bc018bd0,IN20,FT,TUT 1,STU 1,IN20MJR-COMPSC
534c1af7-7fd6-49b1-8dcd-a850b36646a6,IN27,FT,TUT 3,STU 2,IN27MJR-COMPDAT
ee19cbf0-d903-4d42-a9db-55a5b7e9f21c,IN27,FT,TUT 2,STU 1,IN27MJR-BIOMEDS
63dd47e0-d33e-4be4-9792-8e1ff25f8081,IN27,FT,TUT 1,STU 1,IN27MJR-COMPDAT
6568b67d-7906-489d-a4e4-b66b3c5b01e3,IN27,FT,,STU 3,IN27MJR-BIOMEDS
e32a8a69-04a6-40f3-be54-335603ceadf5,IN27,FT,TUT 6,STU 3,IN27MJR-STATDAT
9b750e73-eeee-4d5c-b0a6-52999bf62b51,IN20,FT,TUT 5,STU 2,IN20MJR-DATASC
f2c6339f-5f54-49a5-afc7-fe54d0557913,IN26,PT,TUT 1,STU 3, 
